size_mbytes, delta
4, 0.018769782967865467, 213.10848435744523
404, 0.15033994475379586, 2687.2432383928995
804, 0.4327937951311469, 1857.6976126849709
1204, 0.9795559397898614, 1229.1283744941481
1604, 0.8066510939970613, 1988.4681393686224
2004, 0.8627498750574887, 2322.8053204487164
