size_mbytes, delta
4, 0.6578615619800985, 6.080306604265484
404, 0.16606504004448652, 2432.7817576280595
804, 0.3294775849208236, 2440.226700681955
1204, 0.4480641600675881, 2687.115166315429
1604, 0.5693950089626014, 2817.025043690456
2004, 0.6524990671314299, 3071.268758758767
